country,1990,1991,1992,1993,1994,1995,1996,1997,1998,1999,2000,2001,2002,2003,2004,2005,2006,2007,2008,2009,2010,2011,2012,2013,2014,2015,2016
Afghanistan,792,852,930,1020,1110,1200,1260,1310,1350,1410,1470,1530,1610,1690,1770,1860,1930,2000,2070,2140,2230,2300,2370,2460,2550,2640,2740
Albania,171,177,182,187,193,201,209,219,232,248,281,300,322,347,374,405,418,430,443,456,472,476,481,489,496,503,509
Algeria,967,1040,1130,1230,1350,1480,1530,1590,1650,1710,1770,1920,2080,2260,2450,2660,2840,3040,3250,3470,3720,3950,4220,4500,4800,5120,5460
Andorra,31.4,34,36.3,38.5,39.8,40.1,40.4,41.1,41.8,42.2,42.5,42.9,43.6,45.7,49,51.2,53.4,55.8,57.8,59.5,60.8,61.9,63,64.2,65.3,66.5,67.5
Angola,531,550,572,597,623,651,668,685,704,725,749,768,790,815,842,870,892,915,940,967,996,1030,1070,1110,1150,1200,1250
Antigua and Barbuda,12.3,12.7,13.3,13.9,14.6,15.5,16,16.6,17.2,17.9,18.5,19.1,19.5,19.9,20.3,20.7,21.5,22.4,23.4,24.4,25.4,26.5,27.7,28.9,30.1,31.4,32.8
Argentina,7830,8160,8530,8930,9360,9830,10100,10400,10700,11100,11400,11700,11900,12200,12500,12700,13000,13200,13500,13800,14100,14400,14800,15200,15600,16000,16400
Armenia,706,739,769,798,830,868,893,924,959,996,1030,1050,1070,1090,1100,1110,1120,1130,1130,1150,1190,1190,1210,1230,1250,1260,1260
Australia,7640,7990,8370,8750,9160,9610,9940,10300,10600,11000,11400,11600,11800,12000,12200,12400,12600,12700,12900,13100,13300,13700,14100,14500,14900,15300,15700
Austria,4530,4600,4680,4770,4850,4940,4960,4990,5030,5070,5110,5120,5130,5130,5160,5190,5220,5250,5280,5320,5360,5420,5480,5540,5610,5700,5800
Azerbaijan,750,783,819,863,914,972,991,1010,1040,1060,1090,1140,1180,1230,1280,1330,1390,1460,1530,1600,1680,1750,1810,1870,1940,2000,2050
Bahamas,73.2,76.5,79.9,83.3,87,91,94.8,98.9,104,109,114,121,128,135,143,152,159,167,175,184,193,201,209,217,226,235,244
Bahrain,39.4,42.1,45.3,48.9,53,57.6,61.1,65.2,69.7,74.3,79.3,85.5,91.9,99.1,108,119,128,139,152,165,177,188,197,205,212,219,231
Bangladesh,3100,3260,3440,3630,3840,4080,4220,4370,4540,4720,4910,5000,5100,5220,5330,5460,5620,5800,5990,6190,6410,6740,7090,7470,7890,8340,8820
Barbados,95.1,99,103,108,112,118,122,126,130,135,139,141,143,145,147,149,153,158,162,167,173,177,181,185,189,194,198
Belarus,2650,2760,2890,3040,3200,3370,3360,3350,3350,3350,3350,3360,3370,3370,3380,3380,3380,3380,3380,3390,3390,3350,3310,3270,3240,3220,3210
Belgium,7820,7980,8150,8320,8500,8690,8760,8840,8920,9000,9070,9130,9190,9250,9320,9400,9500,9600,9700,9810,9940,10000,10100,10200,10200,10300,10400
Belize,5.98,6.5,7.08,7.72,8.47,9.38,10,10.8,11.6,12.5,13.5,14,14.6,15.2,15.9,16.7,17.8,18.9,20.1,21.5,22.8,24,25.2,26.4,27.7,29.1,30.6
Benin,169,175,181,187,194,202,209,216,224,233,243,252,261,272,283,296,309,323,338,354,372,385,399,414,430,446,463
Bhutan,22,21.6,21,20.4,19.7,19.2,19,19,19.2,19.4,19.6,20.3,20.9,21.7,22.5,23.3,24.4,25.6,26.9,28.2,29.6,31.4,33.3,35.3,37.5,39.9,42.3
Bolivia,441,454,468,484,500,517,526,535,546,557,569,588,607,629,651,674,705,737,771,808,847,883,921,962,1000,1050,1090
Bosnia and Herzegovina,486,492,494,493,495,501,519,544,578,617,664,702,748,803,866,938,970,1000,1030,1060,1100,1120,1140,1160,1190,1210,1240
Botswana,65.2,69,73.1,77.6,82.4,87.6,96.5,106,118,131,146,151,156,162,168,174,176,179,182,185,188,200,212,225,240,255,272
Brazil,13900,14700,15600,16600,17700,18800,20000,21200,22500,23900,25500,26600,27800,29000,30400,31800,33000,34300,35600,37000,38400,39800,41200,42500,44000,45500,46900
Brunei,31.6,33.3,35,36.9,39,41.5,44,46.8,50,53.3,56.8,61.9,67.2,72.7,78.6,84.9,90.6,96.6,103,110,117,124,131,138,146,153,161
Bulgaria,2860,2910,2960,3030,3100,3180,3200,3220,3240,3260,3290,3350,3430,3510,3600,3690,3750,3800,3850,3910,3970,4010,4050,4080,4120,4160,4200
Burkina Faso,249,255,262,269,277,286,292,299,306,315,324,330,338,347,357,367,380,393,408,424,441,460,481,503,527,552,579
Burundi,323,330,337,344,351,358,355,351,347,345,343,340,338,338,340,342,348,354,361,369,377,391,406,423,440,459,479
Cambodia,573,600,627,656,688,723,757,794,834,877,922,958,994,1030,1070,1110,1140,1180,1210,1250,1300,1340,1380,1430,1480,1530,1590
Cameroon,520,537,555,575,596,618,649,682,718,757,799,824,850,878,908,941,959,980,1000,1030,1050,1090,1120,1160,1200,1240,1290
Canada,15000,15500,16000,16500,17000,17600,18000,18400,18800,19300,19700,20000,20300,20600,20900,21200,21400,21600,21800,22000,22200,22700,23200,23800,24300,24900,25500
Cape Verde,13.6,13.9,14.3,14.8,15.3,15.9,16.4,17,17.6,18.2,18.8,19.4,20.1,20.9,21.6,22.3,23.1,23.9,24.9,26,27.2,28.2,29.4,30.7,32.1,33.6,35.3
Central African Republic,210,215,221,228,235,243,249,256,262,269,276,281,286,291,297,303,308,314,320,327,334,341,349,358,367,377,387
Chad,184,189,194,199,205,211,218,226,235,244,254,262,271,281,291,301,312,323,335,348,362,373,385,397,411,425,439
Chile,1550,1620,1690,1770,1860,1960,2050,2130,2230,2340,2450,2560,2670,2800,2930,3070,3190,3320,3450,3590,3730,3860,4000,4140,4280,4440,4580
China,72800,76800,81600,86900,92700,98900,105000,112000,118000,126000,133000,140000,148000,156000,165000,175000,183000,192000,201000,212000,222000,231000,240000,250000,260000,271000,281000
Colombia,2900,3040,3200,3360,3540,3730,3860,4010,4170,4340,4510,4650,4790,4950,5110,5270,5510,5770,6040,6330,6620,6910,7220,7530,7860,8210,8550
Comoros,18.2,18.8,19.5,20.1,20.9,21.7,22.1,22.6,23.1,23.7,24.3,24.7,25.1,25.5,26,26.6,27.6,28.8,30.1,31.4,32.8,34.5,36.3,38.2,40.3,42.6,45
"Congo, Dem. Rep.",1630,1680,1740,1800,1870,1930,1960,1990,2020,2050,2090,2130,2170,2220,2270,2330,2400,2470,2550,2640,2740,2810,2890,2980,3070,3170,3270
"Congo, Rep.",194,202,210,218,228,238,245,254,263,272,281,286,291,296,302,309,317,326,336,346,357,369,382,396,410,425,441
Costa Rica,299,317,336,357,380,405,422,440,459,479,500,522,545,570,596,623,654,687,722,758,796,838,882,929,978,1030,1080
Cote d'Ivoire,555,591,630,673,719,768,802,838,875,914,954,976,999,1020,1050,1070,1090,1110,1140,1170,1190,1230,1260,1300,1350,1390,1430
Croatia,2090,2110,2120,2130,2140,2160,2190,2230,2280,2330,2380,2390,2400,2420,2450,2480,2520,2550,2590,2620,2660,2670,2690,2710,2740,2760,2780
Cuba,2010,2070,2130,2200,2270,2340,2360,2380,2400,2430,2450,2550,2650,2760,2880,3010,3090,3180,3270,3370,3480,3590,3710,3840,3960,4090,4220
Cyprus,207,214,223,233,244,259,270,282,294,308,325,347,370,392,417,444,459,477,498,521,544,563,572,581,590,599,609
Czech Republic,4500,4630,4770,4920,5080,5240,5280,5330,5390,5440,5490,5560,5630,5700,5780,5870,5860,5860,5860,5870,5870,5830,5780,5730,5690,5660,5640
Denmark,3330,3390,3450,3510,3570,3640,3710,3780,3850,3930,4010,4060,4110,4170,4230,4290,4340,4390,4430,4480,4540,4520,4510,4490,4480,4470,4470
Djibouti,16.5,17.3,18.1,18.8,19.6,20.4,21.2,22,22.9,23.8,24.8,25.8,26.9,28,29.2,30.5,31.8,33.3,34.9,36.5,38.3,40.1,41.9,43.9,45.9,48,50.2
Dominica,11.2,11.6,12.1,12.5,13.1,13.8,13.8,13.9,14.1,14.3,14.7,15,15.4,15.7,16.1,16.4,17.1,17.9,18.6,19.4,20.3,21,21.7,22.4,23.1,23.9,25.9
Dominican Republic,328,349,372,397,423,452,474,497,522,547,574,602,631,662,693,727,765,805,849,894,941,991,1040,1100,1160,1220,1280
Ecuador,467,494,523,556,590,628,662,698,736,776,819,851,885,920,956,994,1040,1090,1140,1190,1250,1290,1340,1390,1440,1490,1540
Egypt,2470,2580,2720,2860,3020,3210,3390,3580,3800,4040,4300,4550,4820,5120,5450,5820,6050,6300,6570,6850,7160,7350,7550,7750,7970,8210,8430
El Salvador,223,234,247,260,275,290,302,315,329,344,359,378,398,420,443,467,490,514,540,567,595,620,647,676,706,737,770
Equatorial Guinea,27.2,28,29,30.1,31.4,32.8,34,35.3,36.7,38.4,40.2,42.5,45,47.9,50.9,54.2,57.4,60.8,64.5,68.5,72.7,75.8,79.1,82.6,86.3,90.1,93.9
Eritrea,141,140,138,135,133,130,133,135,139,143,148,155,162,170,178,186,193,201,208,215,223,233,243,254,266,279,294
Estonia,512,533,554,573,594,618,620,624,628,634,642,644,646,647,650,653,640,628,616,606,596,602,608,614,622,631,641
Ethiopia,2160,2220,2290,2360,2440,2530,2580,2630,2680,2730,2790,2830,2880,2940,3000,3070,3110,3160,3210,3260,3330,3440,3560,3680,3820,3960,4100
Fiji,96,101,107,114,121,129,135,142,149,156,162,170,179,187,197,208,217,226,237,249,261,275,289,304,319,336,353
Finland,2430,2510,2590,2670,2760,2860,2970,3090,3210,3350,3480,3550,3630,3700,3780,3870,3930,4000,4070,4140,4220,4200,4190,4180,4170,4150,4150
France,29400,30500,31800,33000,34400,35900,36700,37600,38400,39300,40200,40700,41100,41600,42100,42700,43200,43700,44100,44600,45100,45500,46000,46400,46800,47300,47900
Gabon,91.7,94.6,97.8,101,105,109,115,121,128,136,145,149,153,158,163,168,169,170,171,172,174,177,180,184,188,193,198
Gambia,17.2,18.2,19.2,20.3,21.4,22.7,23.7,24.8,25.9,27.2,28.5,29.5,30.5,31.6,32.7,34,35.5,37,38.8,40.6,42.5,44.4,46.4,48.5,50.7,53.1,55.5
Georgia,1690,1640,1580,1520,1460,1410,1360,1320,1280,1240,1210,1200,1200,1190,1190,1190,1210,1240,1260,1290,1320,1330,1330,1340,1350,1360,1380
Germany,47200,48500,49900,51400,53000,54900,55800,56700,57700,58800,59800,60800,61800,62800,64000,65200,66100,66900,67700,68500,69400,69500,69800,70000,70500,71200,72000
Ghana,489,513,540,569,600,632,659,687,718,751,787,811,836,864,893,924,956,991,1030,1070,1100,1150,1190,1240,1280,1340,1390
Greece,3830,3940,4070,4220,4390,4600,4770,4950,5150,5360,5590,5770,5960,6180,6410,6640,6760,6870,7010,7150,7290,7350,7420,7480,7540,7610,7640
Grenada,11.7,11.9,12.3,12.8,13.3,13.8,14.4,14.9,15.4,16,16.6,17.4,18.4,19.4,20.3,21.3,22.2,23.1,24,25.1,26.3,27.1,28,28.8,29.7,30.6,31.7
Guatemala,244,256,268,281,295,310,325,342,360,379,399,416,434,454,475,497,526,557,590,626,665,697,731,766,804,845,886
Guinea,238,250,265,281,296,310,318,325,330,335,341,345,349,353,359,366,376,388,402,417,433,448,464,481,499,519,538
Guinea-Bissau,51.3,52.2,53.2,54.3,55.5,56.8,58.3,60,61.9,63.8,65.9,67.4,68.9,70.6,72.5,74.5,76.9,79.4,82.3,85.3,88.7,91.5,94.6,97.9,101,105,109
Guyana,54.8,55.6,56.6,57.9,59,59.9,63,66.3,70.3,74.7,79.8,82.7,85.7,88.4,91.2,94.2,98.4,103,107,112,117,119,121,123,126,128,130
Haiti,723,736,750,764,779,796,810,826,842,860,880,900,922,946,971,998,1030,1060,1100,1130,1170,1210,1250,1290,1330,1380,1430
Honduras,134,141,147,154,162,170,178,187,197,207,218,228,239,251,263,277,289,302,316,330,346,362,379,398,417,438,459
Hungary,4470,4630,4790,4960,5150,5350,5420,5490,5570,5650,5740,5750,5740,5740,5750,5750,5730,5710,5690,5680,5670,5720,5770,5810,5840,5900,5960
Iceland,137,143,148,153,159,166,166,168,170,171,173,176,180,183,186,190,192,195,197,199,201,209,218,227,237,248,259
India,40200,41500,42900,44400,46100,47800,49500,51400,53400,55400,57700,59400,61300,63300,65400,67600,70800,74200,77800,81700,85900,90300,95000,100000,105000,110000,116000
Indonesia,15900,16500,17200,17800,18600,19300,20100,21000,21900,22800,23900,24600,25300,26100,27000,27900,28600,29400,30300,31300,32300,33800,35300,36800,38500,40200,42000
Iran,1430,1540,1660,1810,2000,2390,2590,2830,3100,3420,3780,4000,4240,4500,4790,5110,5520,5980,6480,7040,7660,8120,8620,9150,9730,10300,11000
Iraq,1360,1430,1510,1600,1690,1800,1910,2030,2160,2300,2460,2550,2660,2770,2880,3010,2970,2930,2900,2870,2860,2990,3130,3280,3450,3620,3790
Ireland,1520,1570,1630,1680,1740,1800,1880,1950,2030,2110,2200,2260,2330,2410,2490,2560,2580,2600,2620,2650,2670,2740,2800,2870,2930,3000,3070
Israel,1620,1740,1870,2030,2200,2380,2460,2540,2620,2700,2770,2800,2830,2870,2910,2960,2980,3010,3050,3080,3120,3180,3240,3290,3340,3400,3460
Italy,37300,38200,39200,40200,41100,42200,42900,43800,44600,45500,46400,46600,46900,47200,47700,48200,48800,49400,50100,50800,51400,51800,52300,52800,53400,54000,54600
Jamaica,355,368,382,397,413,430,449,470,491,515,539,558,579,601,623,645,668,691,715,741,768,787,808,829,851,873,898
Japan,28400,29600,30900,32200,33700,35200,36800,38500,40100,41800,43700,45600,47500,49600,51900,54200,55800,57300,59000,60800,62700,62700,62700,62700,62600,62800,63100
Jordan,201,220,241,265,292,320,343,367,391,417,446,474,506,542,585,635,664,698,736,776,816,877,940,1010,1080,1150,1220
Kazakhstan,2210,2330,2460,2590,2740,2910,2970,3040,3110,3190,3290,3350,3430,3520,3620,3720,3710,3700,3700,3700,3730,3740,3760,3780,3790,3800,3800
Kenya,615,653,696,744,796,853,896,942,989,1040,1090,1070,1060,1040,1030,1030,1060,1090,1130,1180,1220,1290,1360,1440,1520,1610,1710
Kiribati,3.28,3.37,3.46,3.56,3.66,3.77,3.9,4.04,4.2,4.38,4.58,4.74,4.94,5.17,5.4,5.62,5.92,6.18,6.44,6.72,7.04,7.28,7.58,7.91,8.24,8.57,8.94
Kuwait,116,116,112,104,97.1,91.8,97.6,108,122,140,159,169,179,190,203,221,240,263,292,325,364,399,439,482,527,572,613
Kyrgyz Republic,368,385,403,422,445,472,457,445,434,424,413,421,429,438,447,458,454,451,448,446,445,453,461,468,476,484,491
Lao,263,269,276,284,293,302,312,323,334,346,359,370,381,392,404,418,427,436,446,457,468,480,494,508,523,539,556
Latvia,863,898,935,968,1000,1050,1010,983,956,933,910,932,956,980,1010,1030,1040,1050,1060,1070,1070,1050,1020,999,981,965,950
Lebanon,530,553,582,614,649,686,724,763,808,861,926,999,1090,1190,1290,1390,1430,1470,1510,1560,1650,1750,1890,2050,2190,2320,2450
Lesotho,79.5,81.6,83.9,86.5,89.3,92.2,98.5,105,113,121,131,137,145,153,161,169,175,180,185,191,197,199,201,203,206,209,213
Liberia,80.1,79.4,79,79.2,80.7,83.8,88.3,94.8,102,110,117,122,127,132,137,143,150,159,168,179,189,197,204,212,220,229,238
Libya,174,183,193,205,218,232,250,270,292,317,344,370,399,432,468,508,553,601,654,711,772,824,877,932,991,1060,1130
Lithuania,1040,1090,1140,1200,1260,1320,1300,1280,1260,1250,1240,1280,1330,1370,1420,1470,1470,1470,1470,1470,1470,1450,1430,1420,1410,1410,1400
Luxembourg,307,310,312,314,318,322,324,327,330,333,335,336,340,345,349,356,364,372,381,390,401,413,426,440,456,471,487
"Macedonia, FYR",441,447,452,458,465,474,491,512,536,561,586,606,625,646,668,692,710,729,750,772,796,810,825,839,855,871,885
Madagascar,474,487,503,521,539,559,575,591,609,628,649,669,692,716,742,769,801,833,867,904,943,982,1020,1070,1120,1170,1220
Malawi,267,276,283,287,292,298,313,331,351,372,395,411,428,446,464,484,490,496,503,511,519,537,557,578,600,623,649
Malaysia,1360,1440,1530,1630,1740,1860,1980,2120,2270,2440,2620,2850,3090,3370,3670,4010,4210,4420,4650,4880,5120,5420,5730,6060,6400,6770,7140
Maldives,13.2,13.3,13.5,13.7,13.9,14.1,14.4,14.7,15.1,15.5,16.1,16.2,16.4,16.6,17,17.4,17.9,18.5,19.1,19.8,20.5,21.7,23.1,24.6,26.3,28.1,30.2
Mali,354,374,398,424,454,487,491,496,503,510,519,522,525,531,537,545,557,571,586,602,619,638,658,680,702,727,753
Malta,184,186,188,190,192,195,203,212,222,232,244,248,253,259,265,271,273,276,277,278,279,281,283,284,285,284,285
Marshall Islands,2.28,2.41,2.54,2.68,2.82,2.97,3.13,3.32,3.53,3.76,4.02,4.28,4.58,4.93,5.31,5.72,5.99,6.26,6.55,6.85,7.18,7.46,7.77,8.09,8.42,8.76,9.39
Mauritania,89.1,91.9,95,98.3,102,106,109,113,117,121,126,130,135,140,146,152,158,165,172,179,187,196,206,217,228,240,252
Mauritius,79.7,85.2,91.5,98.6,107,117,127,139,153,168,186,200,214,229,246,264,278,294,311,329,348,358,369,380,392,404,416
Mexico,5770,6160,6600,7070,7590,8170,8560,8970,9410,9870,10400,10900,11500,12100,12800,13500,14100,14700,15500,16200,17000,17900,18800,19800,20800,21900,23000
"Micronesia, Fed. Sts.",4.84,5.18,5.55,5.95,6.37,6.82,7.25,7.7,8.19,8.71,9.28,9.83,10.4,11,11.6,12.3,12.6,12.8,13.1,13.3,13.6,13.7,13.8,13.9,14.1,14.3,14.6
Moldova,855,888,923,962,1000,1050,992,939,890,848,811,823,838,857,877,898,914,930,946,963,984,985,990,996,1000,1010,1020
Mongolia,62.4,65.4,69.2,73.9,79.9,91.2,95.8,101,106,113,120,126,132,139,146,154,159,163,168,173,179,183,187,192,197,202,207
Montenegro,161,164,167,170,173,177,182,187,192,197,203,207,211,217,222,227,230,233,237,241,246,249,254,258,262,266,271
Morocco,2230,2350,2470,2610,2750,2920,3050,3200,3370,3540,3720,3910,4100,4300,4520,4750,4960,5180,5410,5650,5910,6160,6420,6690,6970,7270,7560
Mozambique,427,436,448,464,481,499,506,512,519,526,535,533,533,533,534,536,548,561,575,590,605,633,663,695,730,766,804
Myanmar,1890,1940,1990,2050,2110,2180,2250,2320,2400,2490,2580,2650,2720,2800,2880,2970,3060,3150,3240,3350,3460,3580,3710,3840,3990,4140,4280
Namibia,55.4,58.5,61.7,65.3,69.2,73.5,80,87.5,95.9,105,116,122,129,136,143,150,154,158,162,167,171,177,183,189,195,202,209
Nepal,906,917,930,944,959,977,971,969,967,966,965,990,1020,1040,1070,1100,1130,1150,1190,1220,1260,1300,1350,1400,1450,1500,1550
Netherlands,9720,10100,10500,10900,11300,11800,12100,12400,12800,13100,13500,13700,14000,14200,14500,14800,14900,15000,15100,15200,15300,15400,15500,15600,15700,15800,15900
New Zealand,1760,1840,1900,1940,2000,2050,2100,2150,2200,2250,2300,2350,2400,2450,2510,2570,2600,2620,2650,2670,2700,2770,2830,2910,2980,3060,3140
Nicaragua,111,116,122,129,136,143,150,157,164,172,181,190,200,210,222,233,247,262,277,294,311,327,345,363,382,402,424
Niger,218,224,232,241,251,261,267,274,282,290,299,307,316,326,337,348,359,370,383,397,411,426,443,460,479,499,519
Nigeria,10900,11200,11600,12000,12400,12900,13100,13300,13600,13900,14200,14300,14400,14500,14700,14900,14900,14900,15000,15000,15100,15700,16300,17000,17700,18400,19100
North Korea,1010,1040,1070,1110,1140,1170,1210,1240,1280,1320,1360,1400,1440,1480,1520,1570,1600,1640,1680,1720,1760,1800,1840,1890,1930,1970,2020
Norway,1980,2020,2080,2130,2190,2250,2310,2380,2450,2530,2610,2640,2670,2710,2740,2790,2800,2820,2840,2860,2880,2920,2960,3000,3050,3090,3140
Oman,35.4,36.1,36.9,37.9,39,41,42.9,45,47.5,50.4,54.3,58.5,63.5,69.4,75.9,83.1,92.1,102,113,127,145,159,176,197,220,244,271
Pakistan,7120,7670,8290,8980,9750,10600,11200,11900,12600,13300,14100,14700,15200,15800,16500,17200,17600,18000,18500,18900,19500,20400,21400,22500,23600,24800,26100
Palestine,91.2,94.9,99,104,109,115,122,131,140,150,160,169,177,185,195,205,207,211,215,219,224,241,259,280,303,328,355
Panama,247,256,266,277,289,301,314,328,343,359,376,389,404,420,437,454,481,509,539,572,606,643,683,726,771,819,869
Papua New Guinea,223,232,242,253,264,277,290,305,321,338,356,374,393,414,436,460,479,499,520,542,566,584,605,626,648,671,694
Paraguay,232,245,259,274,289,306,328,352,377,405,435,468,504,545,588,634,672,712,752,796,844,888,937,988,1040,1100,1160
Peru,1340,1420,1510,1610,1710,1820,1860,1900,1950,1990,2040,2080,2120,2170,2220,2270,2340,2420,2500,2580,2670,2750,2820,2900,2980,3060,3140
Philippines,4110,4400,4730,5090,5490,5920,6360,6830,7330,7890,8490,8970,9480,10000,10600,11200,11900,12600,13300,14100,15000,15500,16000,16500,17000,17600,18100
Poland,9650,10000,10400,10800,11200,11700,11900,12000,12300,12500,12700,13000,13200,13500,13700,14000,14400,14800,15200,15700,16200,16400,16800,17100,17400,17800,18100
Portugal,3940,4050,4160,4290,4430,4590,4680,4770,4860,4960,5060,5150,5230,5300,5380,5450,5460,5480,5490,5510,5540,5570,5590,5620,5640,5680,5710
Qatar,28,30.5,32.9,35.6,38.7,42.7,44.9,47.6,50.9,54.4,58.3,61.5,65.4,70.3,76.5,84.7,91.8,101,111,124,138,152,168,186,205,225,245
Romania,5080,5220,5380,5550,5740,5930,6010,6070,6140,6210,6290,6380,6490,6630,6770,6910,7030,7150,7270,7400,7560,7590,7640,7710,7780,7840,7900
Russia,40600,43200,46000,48800,52100,55900,55600,55400,55200,55000,54900,56300,57700,59300,60900,62500,62300,62200,62000,61900,61900,62100,62300,62600,62900,63800,64800
Rwanda,312,312,309,306,308,319,324,336,354,368,378,372,364,353,343,336,350,365,381,399,416,440,466,495,527,561,597
Samoa,9.15,9.49,9.87,10.3,10.7,11.1,11.5,11.9,12.3,12.7,13.1,13.5,14,14.5,15,15.5,15.9,16.4,16.8,17.3,17.9,18.3,18.9,19.4,19.9,20.4,21
Sao Tome and Principe,3.96,4.07,4.2,4.34,4.5,4.65,4.8,4.95,5.12,5.31,5.51,5.55,5.62,5.7,5.78,5.88,6.03,6.19,6.36,6.56,6.77,6.99,7.22,7.46,7.71,7.99,8.28
Saudi Arabia,351,370,393,419,449,491,534,584,641,706,782,847,921,1000,1090,1200,1320,1450,1590,1750,1940,2110,2310,2530,2780,3050,3350
Senegal,242,251,262,273,285,298,311,325,340,356,373,384,396,408,422,437,452,469,488,508,530,552,576,602,629,658,688
Serbia,3010,3100,3210,3320,3420,3520,3640,3740,3830,3930,4030,4070,4110,4170,4240,4310,4360,4410,4470,4530,4600,4610,4610,4620,4630,4650,4660
Seychelles,7.85,8.29,8.8,9.39,10.1,10.8,11.8,12.8,14.1,15.5,17.1,17.9,18.8,19.8,20.8,21.9,22.5,23,23.5,24.1,24.6,25.8,27,28.3,29.6,31,32.4
Sierra Leone,155,156,156,155,155,155,157,159,163,169,176,186,198,212,227,242,253,264,274,285,297,306,316,327,338,350,362
Singapore,537,569,605,643,685,731,785,843,906,975,1050,1100,1160,1230,1300,1370,1440,1480,1550,1640,1720,1780,1820,1860,1900,1950,1990
Slovak Republic,1350,1400,1450,1500,1560,1620,1670,1730,1780,1840,1900,1950,2000,2050,2100,2160,2190,2230,2270,2320,2360,2400,2440,2490,2530,2580,2630
Slovenia,812,836,861,883,909,939,965,994,1020,1050,1080,1090,1110,1120,1150,1170,1160,1160,1150,1140,1140,1140,1130,1130,1130,1130,1130
Solomon Islands,16.1,16.9,17.7,18.6,19.6,20.6,21.8,23,24.4,25.9,27.5,29.1,30.9,32.8,34.8,37.1,38.6,40.3,42,43.9,45.9,47.8,49.8,51.9,54.2,56.5,59
Somalia,370,370,369,368,369,373,378,387,398,411,423,433,444,455,466,478,489,499,510,521,534,546,560,576,592,610,629
South Africa,3430,3540,3660,3790,3920,4070,4370,4700,5070,5500,6000,6250,6510,6800,7120,7460,7610,7820,8070,8360,8690,8930,9210,9520,9860,10200,10600
South Korea,4300,4470,4640,4830,5050,5470,5740,6080,6490,6960,7660,8160,8690,9280,9940,10700,11200,11700,12300,12900,13500,13900,14300,14700,15200,15600,16000
South Sudan,199,197,194,191,190,191,194,200,209,218,227,233,240,247,255,264,275,287,300,314,330,347,367,387,408,429,448
Spain,15100,15500,15900,16400,16900,17400,17600,17800,18100,18300,18600,18900,19200,19600,20000,20500,20800,21200,21500,21800,22200,22400,22600,22800,23000,23200,23500
Sri Lanka,695,732,772,815,863,924,972,1020,1080,1150,1220,1270,1320,1380,1440,1500,1590,1680,1780,1890,2010,2090,2170,2260,2350,2450,2540
St. Lucia,18,18.6,19.3,20,20.8,21.6,22.3,23.1,23.9,24.8,25.8,26.6,27.5,28.3,29.3,30.4,32.1,33.8,35.7,37.6,39.4,40.7,42,43.3,44.6,46,47.3
St. Vincent and the Grenadines,13.1,13.8,14.6,15.4,16.3,17.2,17.7,18.1,18.7,19.3,19.9,20.3,20.8,21.3,21.8,22.3,23,23.7,24.4,25.2,26.1,26.9,27.8,28.8,29.9,30.9,32.1
Sudan,1210,1260,1320,1390,1450,1520,1560,1600,1640,1680,1730,1790,1860,1940,2020,2110,2200,2300,2410,2520,2640,2770,2900,3050,3200,3360,3540
Suriname,31,32.2,33.5,34.8,36.1,37.6,39.6,41.8,44.1,46.6,49,51.5,54,56.7,59.6,62.8,65.5,68.5,71.8,75.3,79,82.5,86.2,90.1,94.2,98.5,103
Swaziland,41.4,42,42.4,42.7,43.1,43.6,46.7,50.2,54.1,58.3,62.8,67,71.3,75.7,80.4,85.8,85.1,84.6,84.4,84.3,84.2,85.7,87.4,89,90.7,92.3,94.1
Sweden,5040,5210,5380,5560,5770,5990,6140,6290,6450,6620,6790,6840,6880,6940,7000,7070,7010,6950,6900,6850,6820,6920,7020,7130,7240,7360,7490
Switzerland,4650,4700,4740,4800,4850,4910,4940,4980,5020,5070,5120,5140,5170,5190,5230,5260,5340,5410,5500,5580,5670,5710,5750,5800,5850,5890,5940
Syria,257,270,286,303,322,346,366,388,412,437,464,483,504,527,553,584,635,695,760,825,884,920,943,957,974,1000,1050
Tajikistan,200,204,208,212,217,222,223,224,225,227,230,237,245,255,265,276,285,294,304,314,324,333,342,352,362,374,385
Tanzania,670,700,732,767,803,840,870,901,933,966,1000,1020,1040,1060,1080,1100,1140,1180,1230,1280,1330,1390,1460,1540,1620,1710,1800
Thailand,3060,3220,3400,3590,3800,4050,4400,4800,5270,5820,6440,6930,7460,8030,8640,9300,9760,10200,10700,11200,11800,12100,12500,12900,13300,13700,14100
Timor-Leste,38.4,40.1,41.8,43.4,44.8,45.9,45.8,45,43.9,42.8,41.9,41.8,42.4,43.3,44.1,44.8,46.5,48.1,49.5,50.9,52.5,55,57.5,60.1,63.1,66.4,69.7
Togo,131,136,140,145,151,156,163,169,176,184,192,199,206,214,223,233,242,253,264,276,289,302,315,329,345,361,378
Tonga,13.9,14.3,14.8,15.2,15.7,16.2,16.5,17,17.4,17.9,18.4,18.8,19.2,19.6,20,20.5,21,21.4,21.9,22.4,23,23.6,24.3,25,25.6,26.4,27.2
Trinidad and Tobago,222,230,238,246,255,265,271,277,284,291,299,309,320,332,344,357,369,381,395,409,424,433,442,452,462,471,481
Tunisia,672,715,764,818,876,941,996,1050,1120,1180,1250,1300,1360,1420,1480,1550,1610,1670,1740,1810,1880,1970,2070,2170,2280,2390,2500
Turkey,3640,3850,4080,4340,4620,4940,5180,5440,5730,6030,6360,6740,7160,7620,8110,8650,8910,9170,9380,9700,10000,10500,11000,11600,12200,12700,13300
Turkmenistan,188,201,215,231,249,269,279,290,301,313,326,343,359,377,395,416,446,480,519,562,609,640,674,708,744,783,823
Uganda,1010,1060,1110,1160,1210,1260,1300,1340,1390,1430,1480,1540,1600,1670,1750,1820,1870,1920,1980,2040,2110,2190,2280,2380,2490,2600,2720
Ukraine,17600,18500,19500,20500,21600,22700,21900,21200,20500,19900,19300,19200,19200,19100,19100,19100,18700,18400,18000,17800,17500,17400,17300,17300,17400,17500,17600
United Arab Emirates,69,75,82,90.2,100,112,121,132,144,156,171,185,201,221,248,285,317,360,412,468,525,594,662,731,805,889,973
United Kingdom,36600,37100,37800,38400,39100,39800,40200,40700,41300,41800,42400,42400,42400,42300,42400,42500,42300,42000,41800,41700,41600,42200,42800,43400,44000,44600,45200
United States,186000,190000,195000,200000,204000,210000,211000,212000,214000,216000,218000,218000,218000,219000,219000,220000,222000,224000,227000,230000,232000,237000,241000,246000,250000,255000,260000
Uruguay,1100,1120,1140,1160,1180,1200,1230,1260,1290,1330,1360,1370,1390,1400,1420,1440,1450,1460,1470,1490,1500,1530,1550,1580,1610,1630,1660
Uzbekistan,1060,1130,1210,1310,1420,1540,1630,1720,1830,1940,2070,2160,2260,2360,2470,2590,2720,2860,3010,3180,3350,3500,3670,3840,4010,4200,4380
Vanuatu,7.15,7.49,7.87,8.25,8.65,9.06,9.48,9.92,10.4,10.8,11.4,12,12.8,13.6,14.5,15.4,16.3,17.3,18.2,19.3,20.5,21.5,22.6,23.8,25,26.3,27.7
Venezuela,1610,1730,1870,2030,2200,2390,2490,2590,2710,2830,2960,3120,3300,3490,3690,3900,4150,4410,4700,5000,5320,5620,5940,6280,6630,7000,7380
Vietnam,3430,3560,3710,3870,4040,4240,4410,4610,4820,5040,5270,5490,5700,5920,6150,6400,6630,6870,7140,7420,7700,8000,8310,8640,8990,9350,9720
Yemen,503,530,562,597,635,676,705,738,770,804,840,883,928,977,1030,1090,1110,1140,1170,1200,1230,1310,1400,1500,1610,1730,1850
Zambia,233,251,272,294,319,347,363,380,399,418,438,442,446,451,455,460,465,471,477,484,492,504,517,532,547,564,581
Zimbabwe,697,683,668,654,640,626,650,674,697,719,741,782,823,865,909,955,943,932,924,916,910,923,939,957,977,999,1030
